Item, Qty, Reference(s), Value, DIST, DIST P/N, MFG, MFG P/N, P/N, 
"1","3","C1,C6,C8","10uF-10%-10V-0805","Digikey","399-C0805C106K8PAC7800CT-ND","Kemet","C0805C106K8PAC7800",""
"2","2","C2,C11","22uF-20%-0603","Digikey","445-9077-1-ND","TDK","C1608X5R1A226M080AC",""
"3","2","C3,C38","22uF-25V-10%-1210","Digikey","1276-3369-1-ND","Samsung Electro-Mechanics","CL32A226KAJNNWE",""
"4","18","C4,C7,C9,C10,C13,C16,C17,C20,C23,C28,C29,C32,C34,C36,C37,C39,C40,C44","0.1uF-25V-10%-0603","Digikey","478-KGM15BR71E104KMCT-ND","Kyocera AVX","KGM15BR71E104KM",""
"5","1","C5","330uF-35V-20%-10mm","Digikey","1189-35PZJ330M10X9-ND","Rubycon","35PZJ330M10X9",""
"6","7","C12,C14,C19,C22,C24,C25,C31","1.0uF-25V-10%-0603","Digikey","1276-1184-1-ND","Samsung Electro-Mechanics","CL10B105KA8NNNC",""
"7","2","C15,C21","1000pF-50V-5%-0603","Digikey","490-1451-1-ND","Murata Electronics","GRM1885C1H102JA01D",""
"8","2","C18,C35","2.2uF-10V-10%-0603","Digikey","490-6418-1-ND","Murata Electronics","GRM188R71A225KE15J",""
"9","1","C26","0.047uF-16V-10%-0603","Digikey","399-C0603C473K4RAC7867CT-ND","Kemet","C0603C473K4RAC7867",""
"10","1","C27","4.7uF-6.3V-10%-0603","Digikey","1276-2087-1-ND","Samsung Electro-Mechanics","CL10B475KQ8NQNC",""
"11","2","C30,C43","0.01uF-50V-10%-0603","Digikey","445-5662-1-ND","TDK Corporation","CGA3E2X7R1H103K080AA",""
"12","1","C33","0.47uF-10V-10%-0603","Digikey","1276-1247-1-ND","Samsung Electro-Mechanics","CL10B474KP8NNNC",""
"13","2","C41,C42","0.1uF-25V-10%-1206","","","","",""
"14","1","D1","15V","Digikey","F11544CT-ND","Littelfuse","SZ1SMB15CAT3G",""
"15","3","D2,D4,D5","PMEG3020EP,115","Digikey","1727-5836-1-ND","Nexperia","PMEG3020EP,115",""
"16","3","D3,D6,D7","CAN,IMU,PWR","Digikey","1497-1314-1-ND","SUN LED","XZMDKVG55W-4",""
"17","2","J1,J4","CAN-FD","Digikey","WM14047-ND","Molex","0705410001",""
"18","1","J2","Power","Digikey","2946-2604-3102-ND","Wago","2604-3102",""
"19","1","J3","USB_B","Digikey","A121598-ND","TE Connectivity","5787834-2",""
"20","2","J5,J7","RATE,HEADING","Digikey","WM7991-ND","Molex","70541-0002",""
"21","1","J6","SWD","Digikey","1175-1632-ND","CNC Tech","3220-14-0300-00",""
"22","1","L1","2.2uH-20%-46mR","Digikey","541-1322-1-ND","Vishay","IHLP1212BZER2R2M11",""
"23","1","L2","8.2uH-20%-55mR","Digikey","541-IHLP2525CZER8R2M1ACT-ND","Vishay","IHLP2525CZER8R2M1A",""
"24","1","Q1","DMP2004K-7","Digikey","DMP2004KDICT-ND","Diodes Inc","DMP2004K-7",""
"25","10","R1,R6,R7,R9,R10,R12,R15,R16,R22,R24","10.0k-1%-0603","Digikey","YAG1290CT-ND","Yageo","RC0603FR-0710KP",""
"26","2","R2,R4","0R-0805","Digikey","311-0.0ARCT-ND","Yageo","RC0805JR-070RL",""
"27","2","R3,R26","249R-1%-0805","Digikey","311-249CRCT-ND","Yageo","RC0805FR-07249RL",""
"28","2","R5,R11","63.4k-1%-0603","Digikey","311-63.4KHRCT-ND","Yageo","RC0603FR-0763K4L",""
"29","2","R8,R13","20.0k-1%-0603","Digikey","311-20.0KHRCT-ND","Yageo","RC0603FR-0720KL",""
"30","1","R14","49.9R-1%-0603","Digikey","311-49.9HRCT-ND","Yageo","RC0603FR-0749R9L",""
"31","4","R17,R18,R20,R21","1.0k-1%-0603","Digikey","311-1.00KHRCT-ND","Yageo","RC0603FR-071KL",""
"32","3","R19,R23,R25","100R-1%-0805","Digikey","311-100CRCT-ND","Yageo","RC0805FR-07100RL",""
"33","2","SW1,SW2","RESET,BOOT0","Digikey","EG2527CT-ND","E-Switch","TL3301AF260QG",""
"34","1","U1","MCP2542FDT-E/SN","Digikey","MCP2542FDT-E/SNCT-ND","Microchip","MCP2542FDT-E/SN",""
"35","1","U2","USBLC6-2SC6","Digikey","497-5235-1-ND","ST Micro","USBLC6-2SC6",""
"36","1","U3","TPS613222ADBVR","Digikey","296-50503-1-ND","Texas Instruments","TPS613222ADBVR",""
"37","2","U4,U11","SN74LVC2G04DBVR","Digikey","296-13261-1-ND","Texas Instruments","SN74LVC2G04DBVR",""
"38","1","U5","SCHA63T-K03","Digikey","490-SCHA63T-K03-05CT-ND","Murata","SCHA63T-K03-05",""
"39","1","U6","8MHz-ECS-5032MV","Digikey","XC3116CT-ND","ECS","ECS-5032MV-80-CN-TR",""
"40","1","U7","STM32G473RET6","Digikey","497-STM32G473RET6-ND","ST Micro","STM32G473RET6",""
"41","1","U8","MCP120T-270I/TT","Digikey","MCP120T-270I/TTCT-ND","Microchip","MCP120T-270I/TT",""
"42","1","U9","LMR54410FDBVR","Digikey","296-LMR54410FDBVRCT-ND","Texas Instruments","LMR54410FDBVR",""
"43","1","U10","SN74AVC4T245DR","Digikey","296-17930-1-ND","Texas Instruments","SN74AVC4T245DR",""
"44","1","U12","IAM-20680HP","Mouser","410-IAM-20680HP","TDK","IAM-20680HP",""
"45","1","U13","ISO6720FBDR","Digikey","296-ISO6720FBDRCT-ND","Texas Instruments","ISO6720FBDR","ADUM1280ARZ"
"46","18","TP1,TP2,TP3,TP4,TP5,TP6,TP7,TP8,TP9,TP10,TP11,TP12,TP13,TP14,TP15,TP16,TP17,TP18","DNP","","","","",""
