"Item","QUANTITY","Reference","Value","MFG","MFG P/N","DIST","DIST P/N"
"${Item}","9","C1-C9","0.1uF-10%-50V-0603","Samsung Electro-Mechanics","CL10B104KB8NNNC","Digikey","1276-1000-1-ND"
"${Item}","2","D1,D2","PESD1CAN","Nexperia","PESD1CAN,215","Digikey","1727-3817-1-ND"
"${Item}","9","D3-D11","-- mixed values --","Everlight Electronics","QTLP650D4TR","Digikey","1080-1419-1-ND"
"${Item}","1","J1","NX Expansion","Harwin","M20-7812045","Digikey","952-3218-ND"
"${Item}","1","J6","PC LED","Molex","0705430036","Digikey","WM4824-ND"
"${Item}","2","J2,J4","-- mixed values --","Molex","70555-0036","Digikey","WM4175-ND"
"${Item}","2","J3,J5","-- mixed values --","Molex","0705550036","Digikey","WM4175-ND"
"${Item}","3","LP1-LP3","Lumex-3x-Light-Pipe","Lumex","LPF-C013301S","Digikey","67-1851-ND"
"${Item}","1","P1","Samtec 40 pin Elevated Socket","Samtec","ESQ-120-34-G-D","Digikey","SAM9319-ND"
"${Item}","8","R1-R8","499R-1%-0603","YAGEO","RC0603FR-07499RL","Digikey","311-499HRCT-ND"
"${Item}","1","U1","74LVC245ABQ","Nexperia","74LVC245ABQ,115","Digikey","1727-3495-1-ND"
"${Item}","2","U2,U3","MCP2518FD-xQBB","Microchip","MCP2518FDT-E/QBB","Digikey","MCP2518FDT-E/QBBCT-ND"
"${Item}","2","U4,U5","40MHz","ECS Inc","ECS-5032MV-400-CN-TR","Digikey","XC3112CT-ND"
"${Item}","2","U6,U7","MCP2558FD","Microchip","MCP2558FDT-H/MF","Digikey","MCP2558FDT-H/MFCT-ND"
